{"cameraMode":{"drawMode":0,"name":"Shaded","section":"Shading Mode"},"sceneLighting":false,"audioPlay":false,"sceneViewState":{"m_AlwaysRefresh":false,"showFog":true,"showSkybox":false,"showFlares":true,"showImageEffects":true,"showParticleSystems":true,"showVisualEffectGraphs":true,"m_FxEnabled":true},"in2DMode":false,"pivot":{"x":-0.005977630615234375,"y":0.6362295150756836,"z":3.356187343597412},"rotation":{"x":0.1937907487154007,"y":0.37598171830177309,"z":-0.08198843151330948,"w":0.9034425616264343},"size":10.483619689941407,"orthographic":false}