{"cameraMode":{"drawMode":0,"name":"Shaded","section":"Shading Mode"},"sceneLighting":false,"audioPlay":false,"sceneViewState":{"m_AlwaysRefresh":false,"showFog":true,"showSkybox":false,"showFlares":true,"showImageEffects":true,"showParticleSystems":true,"showVisualEffectGraphs":true,"m_FxEnabled":true},"in2DMode":false,"pivot":{"x":-10.466575622558594,"y":-9.251079559326172,"z":4.5040130615234379},"rotation":{"x":-0.08187619596719742,"y":-0.42641329765319826,"z":-0.04477091506123543,"w":0.9009142518043518},"size":23.312633514404298,"orthographic":false}